{
    "Q": {
      "0": [
        544.4207962055134,
        694.9311108581625,
        826.8181232959244,
        706.4405678761959,
        182.37587303825575,
        328.63137668983927,
        397.91335569671264,
        156.0663597752947,
        1394.470877440417,
        44.750486769781986
      ],
      "1": [
        1103.6215306862216,
        1058.0767520219472,
        997.1808452005985,
        992.4858257626017,
        1002.4547902413022,
        1030.4588094908006,
        1251.1649343514955,
        684.3838778378392,
        711.6827565437635,
        146.5687467285751
      ],
      "2": [
        1052.2000217911595,
        1032.706546513777,
        1067.7886319468898,
        975.5752330908133,
        746.4741077699705,
        726.8200069510362,
        1289.9294555935833,
        403.138756888212,
        566.4261417934786,
        78.9055173150085
      ],
      "3": [
        705.2913880906449,
        656.3190552408412,
        496.79495592962064,
        363.02932132216426,
        624.8608919081172,
        1295.7807957279808,
        524.3492407686306,
        252.64677395603945,
        8,
        0
      ],
      "4": [
        1260.8582026867105,
        632.0757497516688,
        602.0475719255627,
        512.7174466008369,
        235.80824304542472,
        262.71119717316435,
        324.05259787323666,
        16,
        107.32327648632793,
        0
      ]
    },
    "epsilon": 0.05,
    "exportedAt": "2026-03-01T16:14:13.064Z",
    "learningModeSessions": 1,
    "learningModeTotalSeconds": 907.6211999997668
  }