{
  "Q": {
    "0": [
      287.8891074049078,
      293.64060140924676,
      300.47093893214696,
      288.45917192044595,
      298.87731129659073,
      289.5083573781441,
      336.5154489518055,
      291.29757388797276,
      239.5525514478295,
      252.50684542142685,
      231.48899519327864,
      57.18943149843808
    ],
    "1": [
      332.8396909460958,
      337.9728876651974,
      340.0212210691469,
      328.3996048879326,
      331.25394945618757,
      321.03356837816614,
      325.6250422390318,
      358.99506239988324,
      318.662035056117,
      279.6388565489521,
      196.20924702812977,
      224.7429243538456
    ],
    "2": [
      312.90598837683876,
      319.0278471700597,
      301.590485009048,
      304.7592147191324,
      305.6000473198517,
      296.1659708033323,
      336.19614132067665,
      302.87384903888193,
      300.7575822457253,
      269.21552937754785,
      259.8892352693665,
      210.10373843485414
    ],
    "3": [
      209.30529496726376,
      194.86547683183596,
      226.11397670533543,
      241.42534233894992,
      219.71111227925786,
      257.0509176285134,
      245.69804273766255,
      197.5727830435908,
      353.9158864513156,
      88.3076485333966,
      63.89867327819731,
      28.97618524109824
    ],
    "4": [
      339.42118123930544,
      256.6112836431429,
      223.7499315566102,
      251.06124550947533,
      288.082366497754,
      230.13961299993917,
      264.9593935978002,
      199.04140726746652,
      112.02819969985515,
      50.90362386292567,
      38.897951971958236,
      0
    ]
  },
  "epsilon": 0.05,
  "exportedAt": "2026-03-01T08:22:38.870Z",
  "learningModeSessions": 1,
  "learningModeTotalSeconds": 3600.047499990353
}