{
  "Q": {
    "0": [
      2522.723848936541,
      2500.5640227546737,
      2517.7491409711783,
      2487.2374654391087,
      2502.0116262297297,
      2471.948040824255,
      2430.714466779837,
      2352.635690495431,
      2350.5615325193658,
      2663.359360600255
    ],
    "1": [
      2332.738538350805,
      2330.9371954684,
      2332.399904039898,
      2325.3792087724632,
      2343.529920972332,
      2338.383360851313,
      2315.14854723971,
      2353.1508700072523,
      2466.1362238826955,
      2187.000216983484
    ],
    "2": [
      2303.8597124755984,
      2306.3217465540056,
      2304.8801160079893,
      2305.0545173864994,
      2314.789335805501,
      2323.736507992446,
      2438.4442534543987,
      2323.867431450204,
      2243.9045751189956,
      2084.36786081926
    ],
    "3": [
      2340.237628071139,
      2349.3326633176594,
      2368.3905158590296,
      2367.948416682805,
      2408.807529065446,
      2474.4065578459854,
      2374.4834981145236,
      2183.883897404905,
      2108.5479987382664,
      1944.7182379647782
    ],
    "4": [
      2248.4393245026367,
      2310.085358382492,
      2359.333195462645,
      2240.714965248915,
      2478.7006963426365,
      2385.5401817190277,
      1934.5158095754439,
      1613.0890490740096,
      1417.4505927248392,
      1018.4290663968332
    ]
  },
  "epsilon": 0.1,
  "exportedAt": "2026-03-01T18:57:27.157Z",
  "learningModeSessions": 1,
  "learningModeTotalSeconds": 10800.06360004161
}