{
  "Q": {
    "0": [
      673.4612256027909,
      679.5863005865783,
      680.6034295660129,
      680.9380105426615,
      678.3984038417085,
      674.8258747556803,
      688.0266890583827,
      674.9959972632696,
      724.305957480672,
      676.0553262703588,
      666.4859469298062,
      560.045534786382
    ],
    "1": [
      705.8977998556463,
      703.9498714819579,
      708.3183321452049,
      702.5092766590906,
      706.864874618542,
      704.5102048065679,
      715.6601414356676,
      721.5425599044971,
      708.7266457220031,
      748.7666443011776,
      707.1620980204908,
      680.8361454301677
    ],
    "2": [
      680.0685111727853,
      674.4450878478547,
      682.584251420577,
      676.5976749783599,
      677.1057462280431,
      674.7279526208551,
      667.5768198667101,
      677.3864306352322,
      682.960965233569,
      726.0645460999375,
      655.3394027278408,
      504.69101704950737
    ],
    "3": [
      635.9546807501466,
      622.6672380426413,
      646.025286382444,
      658.2059312177096,
      639.0243999780088,
      656.5170665994675,
      624.6628512190622,
      631.6414215364414,
      714.5593972506548,
      444.9496828791556,
      291.1996177905141,
      343.52148868481027
    ],
    "4": [
      657.597200384974,
      611.1706012524219,
      652.3172382893691,
      649.8953659420224,
      712.0506224134198,
      618.1584799607183,
      515.5540182896954,
      572.1105395032303,
      327.114013734814,
      210.39690665809275,
      182.73230420997277,
      25.076955084349937
    ]
  },
  "epsilon": 0.05,
  "exportedAt": "2026-03-01T11:24:38.821Z",
  "learningModeSessions": 2,
  "learningModeTotalSeconds": 10800.10709998842
}